{"cameraMode":{"drawMode":0,"name":"Shaded","section":"Shading Mode"},"sceneLighting":true,"audioPlay":false,"sceneViewState":{"showFog":true,"showMaterialUpdate":false,"showSkybox":true,"showFlares":true,"showImageEffects":true,"showParticleSystems":true},"in2DMode":false,"pivot":{"x":175.39999389648438,"y":-6.900000095367432,"z":9.600000381469727},"rotation":{"x":-0.6573119163513184,"y":0.008134014904499054,"z":0.007097096648067236,"w":0.7535518407821655},"size":35.048789978027347,"orthographic":false}