{"cameraMode":{"drawMode":0,"name":"Shaded","section":"Shading Mode"},"sceneLighting":true,"audioPlay":false,"sceneViewState":{"showFog":true,"showMaterialUpdate":false,"showSkybox":true,"showFlares":true,"showImageEffects":true,"showParticleSystems":true},"in2DMode":false,"pivot":{"x":86.80000305175781,"y":-6.900000095367432,"z":-0.30000001192092898},"rotation":{"x":-0.691666305065155,"y":-0.0019541135989129545,"z":-0.001870224718004465,"w":0.7222219109535217},"size":27.0130672454834,"orthographic":false}